[
  {
    "id": "bfaf8738-f5da-48e4-ad25-d04be9a6f3f9",
    "data": [
      {
        "text": "could you order pizza to ",
        "userDefined": false
      },
      {
        "text": "here",
        "meta": "@sys.address",
        "alias": "address",
        "userDefined": true
      }
    ],
    "isTemplate": false,
    "count": 0,
    "lang": "en",
    "updated": 0
  },
  {
    "id": "77206cbd-3d09-4dcd-9784-e2746d4dade8",
    "data": [
      {
        "text": "could you order me pizza ",
        "userDefined": false
      },
      {
        "text": "now",
        "meta": "@sys.date-time",
        "alias": "date-time",
        "userDefined": true
      }
    ],
    "isTemplate": false,
    "count": 0,
    "lang": "en",
    "updated": 0
  },
  {
    "id": "1f5ad7ca-c8d6-4fc7-89c6-8264b3632581",
    "data": [
      {
        "text": "could you add toppings ",
        "userDefined": false
      },
      {
        "text": "Toppings",
        "meta": "@Toppings",
        "alias": "Toppings",
        "userDefined": true
      },
      {
        "text": " to the pizza",
        "userDefined": false
      }
    ],
    "isTemplate": false,
    "count": 0,
    "lang": "en",
    "updated": 0
  },
  {
    "id": "f30dfbf0-086f-4d4b-9f33-71b97962423a",
    "data": [
      {
        "text": "could you order me small ",
        "userDefined": false
      },
      {
        "text": "size",
        "meta": "@size",
        "alias": "size",
        "userDefined": true
      },
      {
        "text": " pizza",
        "userDefined": false
      }
    ],
    "isTemplate": false,
    "count": 0,
    "lang": "en",
    "updated": 0
  },
  {
    "id": "02b06b83-7888-44e7-be14-f97a7b38f6d8",
    "data": [
      {
        "text": "order me pizza to phone ",
        "userDefined": false
      },
      {
        "text": "number",
        "meta": "@sys.phone-number",
        "alias": "phone-number",
        "userDefined": true
      }
    ],
    "isTemplate": false,
    "count": 0,
    "lang": "en",
    "updated": 0
  },
  {
    "id": "6bc6ffb8-673c-4053-aa9a-e69be7ffe44e",
    "data": [
      {
        "text": "order me pizza to the email ID  ",
        "userDefined": false
      },
      {
        "text": "mail",
        "meta": "@sys.email",
        "alias": "email",
        "userDefined": true
      }
    ],
    "isTemplate": false,
    "count": 0,
    "lang": "en",
    "updated": 0
  }
]