[
  {
    "action": "smalltalk.agent.acquaintance",
    "customAnswers": [
      "Hey, I Am Tejas , a bot",
      "Am a simple bot, You can call me Tejas"
    ]
  },
  {
    "action": "smalltalk.agent.age",
    "customAnswers": [
      "I Cannot answer this question"
    ]
  },
  {
    "action": "smalltalk.agent.annoying",
    "customAnswers": [
      "Sorry if am annoying"
    ]
  },
  {
    "action": "smalltalk.agent.answer_my_question",
    "customAnswers": [
      "sure, what can i help you with"
    ]
  }
]